{
  "id": "kids-on-brooms",
  "title": "Kids on Brooms System",
  "description": "The Kids on Brooms system for FoundryVTT! - Deprecated",
  "version": "0.0.1",
  "compatibility": {
    "minimum": 12,
    "verified": 12
  },
  "authors": [{
    "name": "Josiah Bradbury, Joscha Maier"
  }],
  "esmodules": ["module/kidsonbrooms.mjs"],
  "styles": ["css/kidsonbrooms.css"],
  "socket": true,
  "grid": {
    "distance": 5,
    "units": "ft"
  },
  "primaryTokenAttribute": "system.adversityTokens",
  "url": "https://github.com/josmaier/KidsOnBroomsFoundryVTT",
  "manifest": "https://github.com/josmaier/KidsOnBroomsFoundryVTT/blob/2fb5d0a11d1c9d78945c2508d5aa2cc7daf297e0/system.json",
  "download": "https://github.com/josmaier/KidsOnBroomsFoundryVTT/blob/2fb5d0a11d1c9d78945c2508d5aa2cc7daf297e0/kids-on-brooms.zip"
}