{
  "id": "kids-on-brooms",
  "title": "Kids on Brooms System",
  "description": "The Kids on Brooms system for FoundryVTT! - Deprecated",
  "version": "2.0.0",
  "compatibility": {
    "minimum": 12,
    "verified": 12
  },
  "authors": [{
    "name": "Josiah Bradbury, Joscha Maier"
  }],
  "esmodules": ["module/kidsonbrooms.mjs"],
  "styles": ["css/kidsonbrooms.css"],
  "socket": true,
  "grid": {
    "distance": 5,
    "units": "ft"
  },
  "primaryTokenAttribute": "system.adversityTokens",
  "url": "https://github.com/josmaier/KidsOnBroomsFoundryVTT",
  "manifest": "https://github.com/josmaier/KidsOnBroomsFoundryVTT/blob/2.0.1/system.json",
  "download": "https://your/packaged/download/archive.zip"
}